BAE,Industri,Email,Fax,Papan_Pencatatan,Telepon
PT. Adimitra Jasa Korpora,Media,corsec@mahakax.com,(021) 573 9210,Pengembangan,(021) 573 9203
PT. Raya Saham Registra,Asuransi,contactus@abda.co.id,5140 1698 ,Pengembangan,5140 1688
PT. Datindo Entrycom,Perusahaan Holding Multi-sektor,corporate.secretary@abm-investama.co.id,021-29976768,Utama,021-29976767
PT. EDI Indonesia,Ritel Khusus,	toto@acehardware.co.id,	021 - 5824022,Utama,	021 - 5822222
PT. Sinartama Gunita,Konstruksi Bangunan,corporate.secretary@acset.co,(021) 3441413,Utama,(021) 3511961
PT. Raya Saham Registra,Minuman,wisnu.adji@akashainternational.com,021 - 78845549,78845547,Pengembangan
PT. Datindo Entrycom,Barang Kimia,corporate@polychemindo.com,(62-21) 57945832-34,Utama,(62-21) 5744848
PT. Ficomindo Buana Registrar,Batu Bara,corsec@adarominerals.id,(021) 2553 3059,Pengembangan,(021) 2553 3060
PT. Ficomindo Buana Registrar,Batu Bara,mahardika.putranto@adaro.com , aditya.sudjono@adaro.com ,021-5211266 ,Utama
PT. Sharestar Indonesia,Produk Makanan Pertanian,admin@asiamina.com,(021) 21192523,Pengembangan,(021) 21192523
PT. Adimitra Jasa Korpora,Bank,corsec@ibk.co.id,+62 21 5790 6888,Pengembangan,+62 21 5790 8888
PT. Datindo Entrycom,Asuransi,harta@asuransi-harta.co.id,5727589,Pengembangan,5702060
PT. Sinartama Gunita,Batu Bara,corporate@aims.co.id,(021) 7392909,Pengembangan,(021) 7221279
PT. Adimitra Jasa Korpora,Pariwisata & Rekreasi,info@kagumgroup.com,022-2035013,Pengembangan,022-2035013
PT. Raya Saham Registra,Logam & Mineral,corsec@ai.alakasa.co.id,(021)4603574, (021)4608856,Pengembangan
PT. Adimitra Jasa Korpora,Logam & Mineral,cs@alumindo.com,"+62-31-3533055, 3533218",Pengembangan,"+62-31-3531445, 3541040"
PT. Adimitra Jasa Korpora,Minuman,corsec@ALTOspringswater.com ,(0266) 731 319 dan (021) 5301 620 ,Utama,(0266) 735 813 dan (021) 5300 689
PT. Raya Saham Registra,Asuransi,israeni@mag.co.id,(021) 7250223,Pengembangan,(021) 2700590
PT. Bima Registra,Pengelola & Pengembang Real Estat,info@mbagroup.id,(62-21) 2119 1008,Utama,(62-21) 2119 2888
PT. Datindo Entrycom,Bank,corsec@amarbank.co.id,(031) 9901595,Pengembangan,(031) 99015959
PT. Datindo Entrycom,Produk & Perlengkapan Bangunan,adimulya.sukmana@agc.com,"021-6919245, 6918820",Utama,(021) 6904041 ext 1042
PT. Adimitra Jasa Korpora,Mesin,corsec@atmindo.co.id,(061) 794 7755,Pengembangan,(061) 794 7751
PT. Adimitra Jasa Korpora,Produk Makanan Pertanian,corsec@agungmm.com,021-29023180,Akselerasi,(021)-29023178
PT. Datindo Entrycom,Jasa Investasi,cosec.indonesia@ashmoregroup.com,(021) 2953 9001,Pengembangan,(021) 2953 9000
PT. Datindo Entrycom,Produk Makanan Pertanian,corpsec@andiraagro.com,218564956,Pengembangan,218564955
PT. Datindo Entrycom,Produk Makanan Pertanian,corsec@anj-group.com ,(62-21) 2965 1788 ,Utama,(62-21) 2965 1777
PT. Datindo Entrycom,Logam & Mineral,corsec@antam.com,021-7812822,Utama,021-7805119
PT. Adimitra Jasa Korpora,"Pendukung Minyak, Gas & Batu Bara",info@apexindo.coom,(021) 29333111,Pengembangan,(021) 29333000
PT. Sinartama Gunita,Perusahaan Holding & Investasi,corpsec@apic.co.id, 021-39502901,Pengembangan, 021-39502900
PT. Bima Registra,Mesin,corsec@aritaglobal.co.id,(62-21) 6516107,Pengembangan,(62-21) 6519188
PT. Adimitra Jasa Korpora,Barang Kimia,sec@asiaplast.co.id,021-5901464,Utama,021-5901465
PT. Datindo Entrycom,Logam & Mineral,corsec@archimining.com,+62 21 576 1720,Utama,+62 21 576 1719
PT. EDI Indonesia,Pakaian & Barang Mewah,corp-secretary@argopantes.com,(021) 2520029,Pengembangan,(021) 2520065-(021) 2520068
PT. Datindo Entrycom,Batu Bara,corsec@atlas-coal.co.id,021-71792708,Pengembangan,021-7193343
PT. Adimitra Jasa Korpora,Mesin,corporate.secretary@arkhajayanti.co.id,Fax : 021-87916364,Pengembangan,021 - 87918903
PT. Adimitra Jasa Korpora,Utilitas Listrik,corporate.secretary@arkora.com,+62 21-29333-298,Pengembangan,+62 21-29333-288
PT. Ficomindo Buana Registrar,Pengelola & Pengembang Real Estat,yudi@armidian.co.id,215213412,Pengembangan,215226810
PT. Adimitra Jasa Korpora,Produk & Perlengkapan Bangunan,corsec@arwanacitra.com,(021) 58302361,UTAMA,(021) 58302363
PT. Adimitra Jasa Korpora,Pariwisata & Rekreasi,corpsec@arthavest.com,021-3453075,PENGEMBANGAN,021-31116101
PT. Ficomindo Buana Registrar,Bank,corporate.communications@jago.com,021-50927479 & 021-50927499,Pengembangan,021-50927460 & 021-50927490
PT. Bima Registra,Asuransi,jenry.cardo@asuransibintang.com,7590 2555,Pengembangan,7590 2777
PT. Datindo Entrycom,Asuransi,csecretary@dayinmitra.com ,021-3453457,Utama,021-80868888
PT. Raya Saham Registra,Jasa Komersial,melinda.pudjo@astragraphia.co.id,021 - 3909388 ,Utama,021 - 3909190
PT. Raya Saham Registra,Perusahaan Holding Multi-sektor,Gita.TiffanyBoer@ai.astra.co.id,(021) 6530-4957,Utama,(021) 508 43 888
PT. Raya Saham Registra,Ritel Khusus,corporate.secretary@autopedia.id,(021) 6530 8822,Pengembangan,(021) 6530 8811
PT. EDI Indonesia,Pengelola & Pengembang Real Estat,info@ansa-land.com,(62-21) 290 37545,Pengembangan,(62-21) 250 6789
PT. Raya Saham Registra,Pengelola & Pengembang Real Estat,corsec@alam-sutera.com,252 5050,Utama,252 3838
PT BSR Indonesia,Asuransi,yoyok.setio@ramayanains.com,3193 4825,Pengembangan,3193 7148
PT. Adimitra Jasa Korpora,Perangkat Komputer,corporatesecretary@terra.co.id,+6221 22461001,Pengembangan,+6221 22461001
PT. Adimitra Jasa Korpora,Material Konstruksi,corpsec@agroyasalestari.com,021-3918838,Pengembangan,021-3918838
PT BSR Indonesia,Bank,bank@mncbank.co.id,3983-6700,Pengembangan,2980-5555
PT. Adimitra Jasa Korpora,Logam & Mineral,team_scb@yahoo.com,(62-21) 601-1933,Pengembangan,(62-21) 628-8647
PT. Sharestar Indonesia,Bank,corsec@aladinbank.id,+62 21 3970 8007,Pengembangan,+62 21 3970 8008
PT. Adimitra Jasa Korpora,Pengelola & Pengembang Real Estat,corporatesecretary@bekasiasripemula.co.id,5687232,Utama,563 6913
PT. Bima Registra,Pakaian & Barang Mewah,id.corporate-secretary@bata.com,(021) 750-5354,Utama,(021) 750-5353
PT. Adimitra Jasa Korpora,Ritel Khusus,corpsec@masworkspace.co.id,(021) 2229 3755,Pengembangan,(021) 2229 3554
PT. EDI Indonesia,Pariwisata & Rekreasi,office@bayubuanatravel.com,3459535,PENGEMBANGAN,23509999
PT. Datindo Entrycom,Bank,corsec@allobank.com,(021) 3841022,3851023,Pengembangan
PT. Raya Saham Registra,Bank,corsec@bankmestika.co.id,061-4527324,Utama,061-4525800
PT. Datindo Entrycom,Batu Bara,corpsec@bbr.co.id ,(021) 295 294 62 ,Utama,(021) 295 294 61
PT. Sinartama Gunita,Bank,cosec@bankbisnis.id,(62-22) 2501819,Pengembangan,(62-22) 2501787
PT. Adimitra Jasa Korpora,Pengelola & Pengembang Real Estat,corsec@bumibenowo.com,+62 31 566 2800,Pengembangan,+62 31 561 2227 / 565 2277
PT BSR Indonesia,Perusahaan Holding & Investasi,corsec.mncfinancialservices@mncgroup.com,021-39836886,Utama,021-29709700
PT. Adimitra Jasa Korpora,Pengelola & Pengembang Real Estat,corsec@bumicitrapermai.com,(021) 3193 5557,Pengembangan,(021) 391 6338
PT. Adimitra Jasa Korpora,Makanan Olahan,corporatesecretary@estikafood.com,021- 527 4289,Pengembangan,021-527 4257
PT. Bima Registra,Pakaian & Barang Mewah,corsec@trisula.com,226613377,Pengembangan,226613333
PT. Raya Saham Registra,Pengelola & Pengembang Real Estat,corsec@befa.id,(021) 252-0087,Utama,(021) 252-5334
PT. Datindo Entrycom,Bank,corpsect@bankganesha.co.id,-29103771,Pengembangan,+6221-29109900 (Hunting)
PT. Sharestar Indonesia,Asuransi,cs@bhaktimultiartha.co.id ,(+6221) 27098077,Pengembangan,(+6221) 27097677
PT BSR Indonesia,Perusahaan Holding Multi-sektor,corsec.mnc-corporation@mncgroup.com,021-39836886,Utama,021-29709700
PT. Raya Saham Registra,Pengelola & Pengembang Real Estat,corpsec@binakaryagroup.co.id,021-54360391 ,Pengembangan,021-54360381
PT. Adimitra Jasa Korpora,Peralatan Olah Raga & Barang Hobi,corsec@sepedabersamaindonesia.co.id,(+62-21) 3005 2622,Pengembangan,(+62-21) 3005 2633
PT. Sirca Datapro Perdana,Pakaian & Barang Mewah,tax@primarindo.com,(021) 3148317,Pengembangan,(022) 7560555
PT. Raya Saham Registra,Bank,corp_sec@bankina.co.id,021 2525117,Utama,021 2525678
PT. Bima Registra,Jasa Komersial,corporate@bantex.co.id,(021) 4516178,Pengembangan,(021) 4507929
PT. Ficomindo Buana Registrar,Batu Bara,corsec@astrindonusantara.com,021- 5081 5253,Pengembangan,021-5081 5252
PT. Sirca Datapro Perdana,Pengelola & Pengembang Real Estat,corsecbipp@bipp.co.id,252-2532,Pengembangan,021-252-2535
PT. Datindo Entrycom,Pengangkutan Darat Penumpang,corsec@bluebirdgroup.com,021-54394802,Utama,021-54394000
PT. Adimitra Jasa Korpora,Produk Makanan Pertanian,setiadi@tanindo.com,(031) - 7886868,Utama,(031) - 7882528
PT. Datindo Entrycom,Bank,iru@bankjatim.co.id,(031) 5310838,Utama,(031) 5310090-99 ext.463
PT. Sharestar Indonesia,Pengelola & Pengembang Real Estat,corporatesecretary@bukitdarmoproperty.com ,021 3517008 , 031 7326666,Pengembangan
PT. Sirca Datapro Perdana,Pengelola & Pengembang Real Estat,corsec@sentulcity.co.id,87961036, ,Utama
PT. Sinartama Gunita,Logistik & Pengantaran,kevinwong@blt.co.id, peter.chayson@blt.co.id, krisnanto@blt.co.id,+62 21 - 30060389
PT. Datindo Entrycom,Pariwisata & Rekreasi,corpsec@cgv.id,021-22536020,Pengembangan,021-2253 6090
PT. Datindo Entrycom,Jasa Komersial,corsec@blueprint-indonesia.com,021-65302042,Pengembangan,021-6413435/ 6413436
PT. Adimitra Jasa Korpora,Bank,corsec@bankmaspion.co.id,031-5356122,Pengembangan,031-5356123
PT. Datindo Entrycom,Penyedia Jasa Kesehatan,corsec@bmhs.co.id,(62-21) 3190-5915,Utama,(62-21) 3192-3344
PT. Sirca Datapro Perdana,Barang Kimia,ristia08@indonet.net.id,021-2522589,Utama,021-2522586
PT. Adimitra Jasa Korpora,Bank,lyvinia_sari@bankbba.co.id,310-2632,Utama,2300-455
PT. EDI Indonesia,Perusahaan Holding Multi-sektor,management@bakrie.co.id,+62 21 2991 2333,Pengembangan,+62 21 2991 2222
PT. Adimitra Jasa Korpora,Makanan Olahan,formosaingredient@gmail.com,(021) 2904 7378,Pengembangan,(021) 2222 8975
PT. Sharestar Indonesia,Ritel Khusus,cs@bintangotoglobal.com,0341-299051,Pengembangan,0341-363499
PT. Raya Saham Registra,Pariwisata & Rekreasi,corporate.secretary@baliutd.com,0,Pengembangan,0361-3700019
PT. Adimitra Jasa Korpora,Batu Bara,corsec@bosscoal.com,(021) 536 1227,Pengembangan,(021) 535 9777
PT. Adimitra Jasa Korpora,Perusahaan Holding & Investasi,corsec@bps.co.id,021-5200227,Pengembangan,021-5200180
PT. Adimitra Jasa Korpora,Pengangkutan Darat Penumpang,corpsec@bataviarent.com,53191918,Utama,53191717
PT. EDI Indonesia,Komponen Otomotif,reyvia.fitri@kordsa.com, +62 21 87912252 ,Utama,+61 21 8752115
PT. Datindo Entrycom,Bank,corporate.secretary@bankbsi.co.id,+62 21 30421888,Utama,+62 21 30405999
PT. Ficomindo Buana Registrar,Logam & Mineral,corporate.secretary@brm.co.id,021-57945687,Pengembangan,021-57945698
PT. Datindo Entrycom,Batu Bara,corsec@bssr.co.id ,(021)63851334,Pengembangan,(021)63853228 / (021)63851334
PT. Adimitra Jasa Korpora,Bank,corporate@boiindonesia.co.id,021-3808178,Pengembangan,021-3500007
PT. Ficomindo Buana Registrar,Produk Makanan Pertanian,corporate@btek.ci.id,-8567670,Pengembangan,-8192948
PT. Ficomindo Buana Registrar,Jasa Telekomunikasi Nirkabel,corsec@bakrietelecom.com,021 - 57945751,Pengembangan,021 - 91101112
PT. Ficomindo Buana Registrar,Logam & Mineral,secretary@bjm.co.id,031- 7490581-750 7302,Pengembangan,031-749-05-98
PT. Sinartama Gunita,Makanan Olahan,mawarti.wongso@budistarchsweetener.com,"021-5213339, 5213392",Utama,021-5213383
PT BSR Indonesia,Konstruksi Bangunan,corsec@bukaka.com,021 8231150 ,Pengembangan,021 8232323 (hunting)
PT. Ficomindo Buana Registrar,Minyak & Gas,investor@bull.co.id,6221 - 30485701,Pengembangan,6221 - 30485700
PT. Ficomindo Buana Registrar,Batu Bara,dileep@bumiresources.com,021- 57942070,Pengembangan,(021) 57942080
PT. EDI Indonesia,Pariwisata & Rekreasi,corsec@buvagroup.com,Kantor Cabang: 021-5256517,Pengembangan,Kantor Cabang: 021-5256516
PT BSR Indonesia,Produk Makanan Pertanian,corsec@eaglehighplantations.com,"021 29783081, 29783082",Utama,021 29783093
PT. Raya Saham Registra,Batu Bara,corporate.secretary@bayan.com.sg,021-2935 6999,Utama,021-2935 6888
PT. Adimitra Jasa Korpora,Makanan Olahan,corsec@campina.co.id,(031) 843-9232,Utama,(031) 843-2247
PT. Adimitra Jasa Korpora,Batu Bara,office@cani.co.id,0541 ? 732891/ 738324,Pengembangan,0541-732893/ 732897/ 731898/ 741921
PT. Sharestar Indonesia,Penyedia Jasa Kesehatan,cs@metrohealthcareindonesia.co.id,+62 21 5964 7871,Pengembangan,+62 21 5964 7937
PT. Raya Saham Registra,Ritel Khusus,investor.relation@bintracodharma.com,(+6221) 22356801,Utama,(+6221) 22356800
PT. Sinartama Gunita,Perusahaan Holding & Investasi,corporate@capitalfinancial.co.id,(62) (21) 2708 2001,Pengembangan,(62) (21) 2708 2002
PT. Datindo Entrycom,Operator Infrastruktur Transportasi,corporatesecretary@pt-cas.com,(021) 80885001,Pengembangan,(021) 80885050
PT. Adimitra Jasa Korpora,Barang Rumah Tangga,corsec@cbm-furniture.com,+6261 785226,Pengembangan,+6261 7852277
PT. Adimitra Jasa Korpora,Kelistrikan,corsec@ccsi.co.id,021-29865984,Pengembangan,021-29865963
PT. Adimitra Jasa Korpora,Makanan Olahan,Emmanuel Dwi Iriyadi <dwi.iriyadi@id.wilmar-intl.com>,021 - 8937143,Utama,"021- 89830003, 89830004"
PT. Datindo Entrycom,Jasa Telekomunikasi Nirkabel,cti@centratamagroup.com,021 - 2967 8241,Pengembangan,021 - 2967 8240
PT. Blue Chip Mulia,Pembiayaan Konsumen,corporate_secretary@clipan.co.id,021-5308026,Utama,021-5308005
PT. Sinartama Gunita,Barang Kimia,corp.sec@chemstarindonesia.com,(62-264) 8222 817,Pengembangan,(62-264) 8222 823 / 824
PT. Ficomindo Buana Registrar,Logam & Mineral,corsec@citamineral.com,021-72789885,Pengembangan,021-7251344
PT. Bima Registra,Pengelola & Pengembang Real Estat,corsec@naturacity.co.id,+62 21 87953449,Utama,+62 21 87953448
PT. Adimitra Jasa Korpora,Pariwisata & Rekreasi,corporate.secretary@cpr.co.id,021-31996267,Pengembangan,"021-29069370, 021-31996270"
PT. Bima Registra,Minuman,corsec@tanobelfood.com,031 ? 8544574,Utama,031 ? 8544400
PT. Sinartama Gunita,Barang Kimia,herlina@colorpak.co.id,021  - 590-1963 ,PENGEMBANGAN,021-590-19-62
PT. Raya Saham Registra,Operator Infrastruktur Transportasi,cmnp@citra.co.id,(021) 65306391,Utama,(021) 65306930 (hunting)
PT. Ficomindo Buana Registrar,Material Konstruksi,investor@cemindo.com,(021) 21889991,Utama,(021) 21889999
PT. Bima Registra,Maskapai Penerbangan,iaa_corporatesecretary@airasia.com,(021) 29850889,Pengembangan,(021) 29850888
PT. Datindo Entrycom,Makanan Olahan,corsec@cimory.com,+62 21 5874630,Utama,+62 21 5874630
PT. Sinartama Gunita,Batu Bara,wim.andrian@energigroupindonesia.com,021-80511134,Pengembangan,021-80511130
PT. Adimitra Jasa Korpora,Batu Bara,corporate@blackdiamondtbk.com ,(021) 22958324,Pengembangan,(021)22958323
PT. Sinartama Gunita,Makanan Olahan,corsec@wahana-interfood.com,+62 22 6033265,Pengembangan,+62 22 6011375
PT. Bima Registra,Pengelola & Pengembang Real Estat,corsec@cowelldev.com,386 2919,Pengembangan,386 7868
PT. Adimitra Jasa Korpora,Produk Makanan Pertanian,hadijanto@cp.co.id,021-690 7324,UTAMA,021-691 9999
PT. Ficomindo Buana Registrar,Pengelola & Pengembang Real Estat,corsec@caprinusa.com,(021) 8632 822,Pengembangan,(021) 8606 151
PT. Bima Registra,Produk Makanan Pertanian,armand.ardika@cpp.co.id,50191808,Pengembangan,50191788
PT. Adimitra Jasa Korpora,Produk Makanan Pertanian,corsec@tobasurimi.com,+62 616871007,Pengembangan,+62 616871022
PT. Datindo Entrycom,Ritel Khusus,corsec@csahome.com,566-9445,Utama,566-8801
PT. Sharestar Indonesia,Pengelola & Pengembang Real Estat,corporate.secretary@csis.co.id,0251 8666 875,Pengembangan,0251 8666 873/874
PT. Adimitra Jasa Korpora,Pariwisata & Rekreasi,texas@texaschicken.co.id,(021) 314 0037,Pengembangan,(021) 314 0411
PT. Adimitra Jasa Korpora,Produk Makanan Pertanian,corpsec@csr.co.id,(021) 66673310-11,Utama,(021) 66673312-15
PT. Raya Saham Registra,Logam & Mineral,corsec@citratubindo.co.id,(021) 5712317,Utama,(021) 5250609
PT. EDI Indonesia,Pengelola & Pengembang Real Estat,investor@ciputra.com,(021) 2988-8585,Utama,(021) 2988-5858
PT. Adimitra Jasa Korpora,Pengelola & Pengembang Real Estat,info@diamondland.co.id,(021) 29415959,Pengembangan,(021) 29415959
PT. Datindo Entrycom,Perdagangan Ritel Barang Primer,corporate.secretary@watsons.co.id,021-2128-3002,Pengembangan,021-2128-3001
PT. Raya Saham Registra,Jasa & Konsultan TI,corpsec@dci-indonesia.com,+62 21 2903 7600,Pengembangan,+62 21 2903 7500
PT. Sinartama Gunita,Logistik & Pengantaran,corsec@dfilogistics.com,+62 (021) 29677799,Pengembangan,+62 (021) 29688899
PT. Adimitra Jasa Korpora,Pembiayaan Konsumen,danasupra@cbn.net.id,+62 21 51401159,Pengembangan,+62 21 51401157
PT. Bima Registra,Ritel Khusus,corp.secretary@depobangunan.co.id,021?53120707,Utama,021?53120808
PT. Adimitra Jasa Korpora,Konstruksi Bangunan,corporate@nusakonstruksi.com,7396580,Utama,7221003
PT. Bima Registra,Media,investor@arkadiacorp.com,+62 21 7241887,Pengembangan,+62 21 7241888
PT. Adimitra Jasa Korpora,Aplikasi & Jasa Internet,corporate@ptdvn.com,+6221 30480713,Pengembangan,+6221 30480712
PT. Sinartama Gunita,Logam & Mineral,	021-515 3533,	021-515 3533,Pengembangan,	021-515 3533
PT. Sinartama Gunita,Pengelola & Pengembang Real Estat,corsec@deltamas.co.id,(62) (21) 89972028,Utama,(62) (21) 89971188
PT. Adimitra Jasa Korpora,Jasa & Konsultan TI,corporate@dmmgroup.id,(021) 30480713,Pengembangan,(021) 3048010
PT. Ficomindo Buana Registrar,Bank,corsec@okbank.co.id,021-2312604,Utama,021-2312633
PT. Raya Saham Registra,Perusahaan Holding & Investasi,corsec@indoritel.co.id,021-29410701,Pengembangan,021- 29410709
PT. Datindo Entrycom,Barang Kimia,dpns_id@yahoo.com,(021) 522-6779,Utama,021-522-67-28
PT. Raya Saham Registra,Produk Makanan Pertanian,info@duaputra.co.id,(0295) 4199 014,Pengembangan,(0295) 4199 010/11
PT. Raya Saham Registra,Komponen Otomotif,dp.corpsec@dp.dharmap.com,(021) 899 01656,Utama,021) 897 4637 / (021) 897 4559
PT. Sinartama Gunita,Batu Bara,corsec@dss.co.id,021-31990259,Utama,021-31990258
PT. Datindo Entrycom,Pariwisata & Rekreasi,duckkingjbi@theduckking.com,+62 21 30067858,Pengembangan,+62 21 58901634
PT. Sinartama Gunita,Pengelola & Pengembang Real Estat,corporate.secretary@sinarmasland.com,021 - 50588270,Pengembangan,021 - 50368368
PT. Sirca Datapro Perdana,Farmasi,info@darya-varia.com,021 227 68016,Utama,021 227 68000
PT. Sinartama Gunita,Batu Bara,corporate.secretary@dwigunalaksana.co.id ,2180511144,Pengembangan,2180511142
PT. Raya Saham Registra,Jasa Komersial,corsec@dyandramedia.com,2131996277,Utama,2153673111
PT. Adimitra Jasa Korpora,Pariwisata & Rekreasi,corp.secretary@eastparchotel.com,"6,23E+11",Pengembangan,"6,23E+11"
PT. Ficomindo Buana Registrar,Ritel Khusus,corporatesecretary@electronic-city.co.id,021 515 5919,PENGEMBANGAN,021 5151177
PT. Adimitra Jasa Korpora,Aplikasi & Jasa Internet,corporate.secretary@indonet.id,(021) 7388 2626,Pengembangan,(021) 7388 2525
PT. Adimitra Jasa Korpora,Barang Kimia,liephing@ekadharma.com,021-5883091,Utama,021-5883090
PT. Adimitra Jasa Korpora,Logistik & Pengantaran,corsec@pnep.co.id ,(+62) 31 - 568 0122,Utama,(+62) 31 - 568 0121
PT. Sinartama Gunita,Pengelola & Pengembang Real Estat,info@bakrieland.com,5225063,Pengembangan,5257835
PT. Adimitra Jasa Korpora,Pengelola & Pengembang Real Estat,corporate.secretary@megapolitan-group.com,30019939,Pengembangan,30019938
PT. Raya Saham Registra,Aplikasi & Jasa Internet,corsec@emtek.co.id,021-7278 2194,Utama,021-7278 2066
PT. Datindo Entrycom,Pariwisata & Rekreasi,corpsec@champ-group.com,"6,22E+11",Pengembangan,"6,22E+11"
PT. Ficomindo Buana Registrar,Minyak & Gas,corsec@emp.id,021-29941247,Pengembangan,021-29941540
PT. Sinartama Gunita,Jasa & Konsultan TI,widiani.resi@gmail.com,+6221 5760784 ,Pengembangan,"+6221 5760782, + 6221 5760783"
PT. Sinartama Gunita,Wadah & Kemasan,corsec@epack.co.id,021 2966 7099,Pengembangan,021 2966 7018
PT. Adimitra Jasa Korpora,Perdagangan Ritel Barang Primer,investor.relations@enseval.com,(021) 460 9039,Pengembangan,(021) 46822422
PT. Raya Saham Registra,Ritel Khusus,dl-corsec@erajaya.com,021-69831225,Utama,021-6905050
PT. Sharestar Indonesia,Pakaian & Barang Mewah,corpsec@eratex.co.id,(62-31) 9900 1115,Pengembangan,(62-31) 9900 1101 (hunting)
PT. Datindo Entrycom,Barang Kimia, corpsec.sep@essa.id , +62-21-29885601 ,Utama, +62-21-29885600
PT. Bima Registra,Pariwisata & Rekreasi,corpsec@estamultiusaha.co.id,+ 62 21 6083 4568,Pengembangan,+62 21 6083 4569
PT. Raya Saham Registra,Pakaian & Barang Mewah,erlien@evershinetex.com,021 - 3160271,3160260,UTAMA
PT. Raya Saham Registra,Bahan Bakar Alternatif,corsec@eterindo.com,021-252 8090,Pengembangan,021-252 8080
PT. Bima Registra,Produk Perawatan Tubuh,corsec@esteegoldaerosol.com,021-5451944,Akselerasi,021-6190528
PT. Datindo Entrycom,Wadah & Kemasan,legalfasw@fajarpaper.com,021 - 3457643,Utama,021 - 3441316 / HP Corsec : 081398802173 (Marco)
PT. Adimitra Jasa Korpora,Hiburan & Film,corporatesecretary@mdpictures.co,(62-21) 29055777,Utama,(62-21) 29855777
PT. Bima Registra,Konstruksi Bangunan,info@fimperkasautama.co.id,021-3100074,Akselerasi,021-3100074
PT. Adimitra Jasa Korpora,Batu Bara,corsec@alfacentra.com,2175930552,Pengembangan,217246966
PT BSR Indonesia,Produk Makanan Pertanian,corporate.secretary@fksmultiagro.co.id,021 5088 9890,Pengembangan,021 5088 9889
PT. Bima Registra,Pariwisata & Rekreasi,corsec.hotelfitra@gmail.com,(0233) 8291888,PENGEMBANGAN,(0233) 8292888
PT. Adimitra Jasa Korpora,Produk Perawatan Tubuh,corporate@falmaco.com,(022) 686 6806,Akselerasi,(022) 686 6808
PT. Sinartama Gunita,Pengelola & Pengembang Real Estat,corsec@fmiindo.com ,(031) 562-09-68 ,Pengembangan,(031) 561-28-18 (hunting)
PT. Sinartama Gunita,Makanan Olahan,secretary@sentrafood.co.id,(021) 29035297,Pengembangan,(021) 29055295
PT. Sinartama Gunita,Media,corsec@foru.co.id,7884-7524,Pengembangan,782-7989
PT. Adimitra Jasa Korpora,Pengelola & Pengembang Real Estat,corporate@forzaland.com,(021) 5366 1752,Pengembangan,(021) 5366 9777
PT. Sinartama Gunita,Jasa Telekomunikasi Nirkabel,corpsec.division@smartfren.com,+62 21 3156853,Utama,+62 21 50278888
PT. Sinartama Gunita,Pembiayaan Konsumen,fuji.finance.indonesia@gmail.com,(021) 5226518,PENGEMBANGAN,(021) 5226509
PT. Sharestar Indonesia,Pengelola & Pengembang Real Estat,info@gadingdevelopment.com,(021) 29333520,Utama,(021) 29333521
PT. Bima Registra,Komponen Otomotif,corpsec_id@goodyear.com,0251-8328088,Utama,0251-8322071
PT. Sinartama Gunita,Batu Bara,corsec@goldenenergymines.com,021-31990319,Utama,2150186888
PT. Adimitra Jasa Korpora,Logam & Mineral,gsg@gunungsteel.com,(021) 890 0555,Pengembangan,(021) 890 0111
PT. Datindo Entrycom,Komponen Otomotif,gajahjak@gt-tires.com,dradjat.tribrata@gt-tires.com,021 - 3805663,Utama
PT. Raya Saham Registra,Specialty Retail,djoko@globalteleshop.co.id,021-3915671,PENGEMBANGAN,021-31905997
PT. Datindo Entrycom,Operator Infrastruktur Transportasi,corporatecommunications@gmf-aeroasia.co.id,55010461,Pengembangan,550 8717
PT. Sharestar Indonesia,Pengelola & Pengembang Real Estat,corporate.secretary@tanjungbunga.com,0411-8113494,Pengembangan,0411-8113456
PT. Datindo Entrycom,Jasa Telekomunikasi Nirkabel,corporatesecretary@ptvti.co.id,(+6221) 83707370,PENGEMBANGAN,(+6221) 83707370
PT. Sinartama Gunita,Produk Makanan Pertanian,corporate.secretary@goldenplantation.com,2150927305,Pengembangan,2150927304
PT. Datindo Entrycom,Makanan Olahan,corporate.secretary@garudafood.co.id ,217290112,Utama,217290110
PT. Datindo Entrycom,Aplikasi & Jasa Internet,corpsecretary@gotocompany.com dan ir@gotocompany.com,(021) 2709 7877,Utama,(021) 2910 1072
PT. Sinartama Gunita,Pengelola & Pengembang Real Estat,corsecgpra@gapuraprima.com ,(021) 5367.1616/5366.8370,Utama,(021) 536 71717
PT. Adimitra Jasa Korpora,Mesin,corsec@geoprima.co.id,(+62-21) 458 4124,Pengembangan,(+62-21) 4585 0667/68
PT. Datindo Entrycom,Perusahaan Holding & Investasi,secretary@theequityone.com,021-2313285,Pengembangan,021-80632550
PT. Datindo Entrycom,Batu Bara,corporate.secretary@gtb-indonesia.com,021- 7942650,Pengembangan,021- 7943947
PT. EDI Indonesia,Minyak & Gas,corpsec@gtsi.co.id,(021) 50966343,Utama,(021) 50933163
PT. Bima Registra,Makanan Olahan,secretary@amanagrindo.co.id,(024) 8444821,Pengembangan,(024) 8451639
PT. Adimitra Jasa Korpora,Pengelola & Pengembang Real Estat,pr@greenwoodsejahtera.com,2598-4578,UTAMA,2598-4969
PT. Adimitra Jasa Korpora,Produk Makanan Pertanian,corporate@gozco.com,021- 29755556,Utama,021- 29755555
PT. Adimitra Jasa Korpora,Logistik & Pengantaran,corsec.his@hasnurgroup.com,(62-21) 29343777,Utama,(62-21) 29343888
PT. Bima Registra,Logistik & Pengantaran,corsec@habcomaritima.com,0761 20226,Pengembangan,0761 32236
PT. Bima Registra,Pembiayaan Konsumen,corp@radanafinance.co.id,021 50991089,Utama,021 50991088
PT. Adimitra Jasa Korpora,Pakaian & Barang Mewah,secretary@panasiagroup.co.id, astiya_c@panasiagroup.co.id,(022) 5205881,Pengembangan
PT. Adimitra Jasa Korpora,Maskapai Penerbangan,corsec@jatigroup.com,	(021) 58900033 ,Pengembangan,	(021) 58900022
PT. EDI Indonesia,Perdagangan Ritel Barang Primer,corsec@hero.co.id ,(021) 2986 4950 ,Utama,(021) 8378 8388
PT. EDI Indonesia,Minyak & Gas,corpsec@hits.co.id,021 - 509 66344,Utama,021 - 509 33155
PT. Raya Saham Registra,Rokok,maharani.subandhi@sampoerna.com,sutardi.sutardi@sampoerna.com,021-515-22-34,Utama
PT. Sinartama Gunita,Makanan Olahan,corsec@topikoki.com,021 5435 3120,Utama,021 5435 3110
PT. Ficomindo Buana Registrar,Pariwisata & Rekreasi,general@goodwayhotel.com,021 3048 5509,PENGEMBANGAN,021 30485536
PT. Bima Registra,Mesin,corporatesecretary@hdp.co.id,(+62-21) 5940 8708,PENGEMBANGAN,(+62-21) 5940 8707
PT. Adimitra Jasa Korpora,Pariwisata & Rekreasi,corsec@ptsgl.com,25675572,Utama,25675505
PT. Sinartama Gunita,Pariwisata & Rekreasi,corsec@hrme.co.id,+62 21 3193 3019,Pengembangan,+62 21 3193 3018
PT. Datindo Entrycom,Batu Bara,corsec@harumenergy.com ,021-3983-1289,Utama, 021-3983-1288
PT BSR Indonesia,Batu Bara,corporate.secretary@indonesia-air.com,(62-21) 3912941,Pengembangan,(62-21) 3912935
PT. Adimitra Jasa Korpora,Pembiayaan Konsumen,corsec@ibf.co.id,(021) 440 8441,Pengembangan,"(021) 440 1408, 440 8442"
PT. Adimitra Jasa Korpora,Makanan Olahan,corsec@indobogasukses.com,0274 2885099,Akselerasi,0274 2880 288
PT. Sinartama Gunita,Jasa Telekomunikasi Nirkabel,corsec@ibstower.com,(021) 390-3473,Utama,(021) 3193-5919
PT. Raya Saham Registra,Makanan Olahan,corporate.secretary@icbp.indofood.co.id,6221 5793 7557,Utama,6221 5793 7500
PT. Raya Saham Registra,Konstruksi Bangunan,corporate_secretary@indopora.com,(021) 4604390,4604393,Utama
PT. Bima Registra,Perhutanan & Kertas,corporate.secretary@pt-ifi.com,(021) 6619303,Utama,(021) 6615555
PT. Bima Registra,Logam & Mineral,corporate@ifishdeco.com ,(021) 5704991,Pengembangan,(021) 5704988
PT. Sinartama Gunita,Peralatan Olah Raga & Barang Hobi,akbar@shelookred.com,(021) 5830 4809,Pengembangan,(021) 5830 4806
PT. Ficomindo Buana Registrar,Pariwisata & Rekreasi,corpsecretary_legal@intikeramik.com,(021) 83700436,Utama,(021) 83700435
PT. Adimitra Jasa Korpora,Produk Makanan Pertanian,admin@indonesiaseafood.net,021 6930120,Pengembangan,021 6930017
PT. Raya Saham Registra,Pembiayaan Konsumen,ita@indomobilmultijasa.com,(021) 29185401,Utama,(021) 29185400
PT. Datindo Entrycom,Farmasi,corsec@indofarma.id  dan  headoffice@indofarma.id ,(021) 8832 3972/73, 857 4503 ,Utama
PT. Adimitra Jasa Korpora,Logam & Mineral,info@indalcorp.com,(031) 8532812,PENGEMBANGAN,(031) 8531531 ext. 3431
PT. EDI Indonesia,Barang Kimia,intanwijaya898@gmail.com,"021-5308632, 5308633 ",Utama,021-5308637
PT. Bima Registra,Logam & Mineral,ptvi-corpsec@vale.com,(62) 21 524-9020,Utama,(62) 21 524-9000
PT. Adimitra Jasa Korpora,Pengelola & Pengembang Real Estat,021-3983 7700,021-3983 7700,Pengembangan,021-3983 9900
PT. Adimitra Jasa Korpora,Pakaian & Barang Mewah,vishnu.baldwa@indorama.com, arun.dalmia@indorama.com, naryono@indorama.com ,-5261467
PT. Adimitra Jasa Korpora,Jasa Profesional,corsec@tanahlaut.co.id,021 - 2782 0991,Pengembangan,021 - 2781 2154 / 56 - 57
PT. Datindo Entrycom,Batu Bara,info@indikaenergy.co.id,(021) 25579889,Utama,(021) 25579888
PT. Adimitra Jasa Korpora,Pakaian & Barang Mewah,info@inocycle.com,(021) 590 3310,Pengembangan,021 5909626
PT. Raya Saham Registra,Bank,co_secretary@ag.co.id,(021) 515-3157,Utama,(021) 515-2168
PT. Adimitra Jasa Korpora,Pengelola & Pengembang Real Estat,info@theparadise-group.com,-29874239,Pengembangan,-29874245
PT. Adimitra Jasa Korpora,Minyak & Gas,corporate.secretary@inprasegroup.co.id,(62-21) 658 37838,Pengembangan,(62-21) 658 37620
PT. Raya Saham Registra,Perhutanan & Kertas,investor_relation@tobapulp.com,+62 61 453 0967,Pengembangan,+62 61 453 2088
PT. Adimitra Jasa Korpora,Mesin,corpsec@intracopenta.com,021-4419330, 021-4413882,Pengembangan
PT. Adimitra Jasa Korpora,Perhutanan & Kertas,corpsecr@interdelta.co.id,021 6510472,Pengembangan,021 6523333
PT. Raya Saham Registra,Material Konstruksi,corpsec@indocement.co.id,021-87941166,Utama,021-8754343 ext 3808
PT. Datindo Entrycom,Pengelola & Pengembang Real Estat,corsec@eraindonesia.com,(021) 570 4776 / (021) 570 8082,Akselerasi,(021) 570 8000 / (021) 2967 5123
PT. EDI Indonesia,Operator Infrastruktur Transportasi,corsec.ipcc1@gmail.com,021-4393 2250,Utama,021-4393 2251
PT. EDI Indonesia,Operator Infrastruktur Transportasi,corsec@ipcmarine.co.id,(021) 436 6789,Utama,(021) 430 6789
PT. Raya Saham Registra,Wadah & Kemasan,corpsec@indopoly.co.id,021- 5224001,Utama,021- 2510088
PT. Adimitra Jasa Korpora,Peralatan & Perlengkapan Kesehatan,corsec@itama.co.id,(021) 29067208,Pengembangan,(021) 29067207
PT. Adimitra Jasa Korpora,Rokok,office@indonesiantobacco.com,-429066,Pengembangan,-428676
PT. Adimitra Jasa Korpora,Produk Makanan Pertanian,corsec@ptjar.com,+62 518 2090001,Pengembangan,+62 518 2090000
PT. Adimitra Jasa Korpora,Jasa Telekomunikasi,corpsec@jasnita.co.id,021-391 6282,Pengembangan,021-2856 5288
PT. Raya Saham Registra,Produk Makanan Pertanian,corsec@jawattie.com,021-3505906,Utama,021-3505906
PT. Datindo Entrycom,Kelistrikan,antonius_benady@jembo.com,(021) 26646934,PENGEMBANGAN,(021) 26646933
PT. Ficomindo Buana Registrar,Pariwisata & Rekreasi,info@jungleseries.co.id,0251-8211295,Pengembangan,0251-8211290
PT. Sirca Datapro Perdana,Pariwisata & Rekreasi,jihd@jihd.co.id,5152546,Pengembangan,5152516
PT. Adimitra Jasa Korpora,Konstruksi Bangunan,info@jayakonstruksi.com,7363959,Utama,7363939
PT. Adimitra Jasa Korpora,Material Konstruksi,jkswtbk@yahoo.co.id,4602831,Pengembangan,460-28-32
PT. Sharestar Indonesia,Asuransi,cs.info@jmasyariah.com,82470086,Pengembangan,82470083
PT. Sirca Datapro Perdana,Pengelola & Pengembang Real Estat,corporate@jayareal.co.id,021 - 745 3333,Utama,021 - 745 8888
PT. Bima Registra,Peralatan Energi Alternatif,corporate@sky-energy.co.id,(021) 7223140,Utama,(021) 7262081
PT. Bima Registra,Jasa Komersial,corporate.secretary@jasuindo.com,(031) 891-0928,Pengembangan,(031) 891-0919
PT. Raya Saham Registra,Operator Infrastruktur Transportasi,wsitumeang@ictsi.com,+62 21 65314711,Pengembangan,+62 21 65314710
PT. Bima Registra,Perhutanan & Kertas,corporate.secretary@darbewood.com,+62 31 596 7274,Pengembangan,+62 31 596 7274
PT. Bima Registra,Pengelola & Pengembang Real Estat,corsec@kbag.co.id,(0542) 8820 399,Pengembangan,(0542) 765888
PT. Sinartama Gunita,Wadah & Kemasan,corsec@kdsi-ind.com,(031) 7661981,Pengembangan,(031) 7661983
PT. Raya Saham Registra,Utilitas Listrik,corporate.secretary@kencanaenergy.com, +62.21.386.7686,Utama,+62.21.5890.0791
PT. Bima Registra,Makanan Olahan,corp.secretary@prochiz.co.id,021 ? 8990 8485,Pengembangan,021 ? 8990 8468
PT. Adimitra Jasa Korpora,Produk & Perlengkapan Bangunan,corsec@kiaceramics.com,(021) 3862374,Pengembangan,(021) 3506227
PT. Raya Saham Registra,Barang Rumah Tangga,kedawung@sby.centrin.net.id,(031) 8705212,UTAMA,(031) 8700088
PT. Datindo Entrycom,Pengelola & Pengembang Real Estat,corsec@jababeka.com,5727279,Utama,5727337
PT. Datindo Entrycom,Produk Perawatan Tubuh,budi.muljono@kino.co.id,021-80821123,Utama,021-80821100
PT. Sinartama Gunita,Aplikasi & Jasa Internet,corsec@kioson.com,+62 21 30056256,Pengembangan,+62 21 30056255 / 30056284
PT. Adimitra Jasa Korpora,Logistik & Pengantaran,corpsec8899@gmail.com,31901331,Pengembangan,31901010
PT. EDI Indonesia,Batu Bara,nfo@raintbk.com, investor.relations@raintbk.com,021 - 6337006,Utama
PT. Adimitra Jasa Korpora,Farmasi,info@kalbe.co.id,42873680,Utama,42873888
PT. Adimitra Jasa Korpora,Ritel Khusus,corsec@klinkoindonesia.com,(031) 7507139,Akselerasi,(031) 7509833
PT. Adimitra Jasa Korpora,Perdagangan Ritel Barang Primer,corporate@kmds.co.id,(021) 2904 7378,Pengembangan,(021) 2235 3388
PT. Adimitra Jasa Korpora,Perhutanan & Kertas,corporate@kiranamegatara.com,(021) 5794 7999,Pengembangan,(021) 5794 7988
PT. Datindo Entrycom,Mesin,corsec@kobexindo.com,"(021) 6470-0900, 6470-0909",Utama,"(021) 6470-0800, 6470-0808"
PT. Adimitra Jasa Korpora,Produk & Perlengkapan Bangunan,Corsec@pt-kokoh.com,350 1767,Pengembangan,350-6227
PT. Sinartama Gunita,Jasa Komersial,secretary.corp@perdanagroup.co.id,021 - 4216502,Pengembangan,021 - 422 1888
PT. Sinartama Gunita,Minyak & Gas,corporate.secretary@mitraenergipersada.com ,(021) 794 5837,Pengembangan,(021) 794 5838
PT. Adimitra Jasa Korpora,Produk Perawatan Tubuh,corsec@cottonindo.com ,022 - 86066521,Pengembangan,022-86066517
PT BSR Indonesia,Pariwisata & Rekreasi,corporate.secretary@mncland.com,3921227,Pengembangan,3929828
PT. Raya Saham Registra,Mesin,info@grandkartech.com, corporate.secretary@grandkartech.com,(021) 4603702,Pengembangan
PT BSR Indonesia,Logam & Mineral,corsec@krakatausteel.com,(021) 5200876,Utama,(021) 5221255
PT. Adimitra Jasa Korpora,Aplikasi & Jasa Internet,corsec@kresnainvestments.com,+62 21 515 5280,Utama,+62 21 515 2889
PT. Bima Registra,Konstruksi Bangunan,corsec@ptbkpjaya.com,(031)73882177,Pengembangan,(031)7344509
PT. Bima Registra,Produk & Perlengkapan Bangunan,corsec@aceoldfields.com,(021) 823 0122,Pengembangan,(021) 824 98246 / 823 22021
PT. Adimitra Jasa Korpora,Mesin,lbm@ladangbajamurni.com,216511595,Pengembangan,216511595
PT. Ficomindo Buana Registrar,Utilitas Listrik,corsec@leyand.com,+62 (21) 72781896,Pengembangan,+62 (21) 72781895
PT. Sinartama Gunita,Pengelola & Pengembang Real Estat,eureka.prima.jakarta@gmail.com,021 - 22094949,Pengembangan,021 - 22094000
PT. Sinartama Gunita,Jasa Telekomunikasi Nirkabel,corsec@lckglobal.co.id,(021)21475967,Pengembangan,(021) 21475967
PT. Raya Saham Registra,Minyak & Gas,corporate@logindo.com  ,021-6471 3220 ,UTAMA,021-6471 3088
PT. Sinartama Gunita,Asuransi,corsec@sinarmasmsiglife.co.id,021-50608899,Utama,021-50597777
PT. Sirca Datapro Perdana,Jasa Komersial,ptlion@lionmetal.co.id,(021) 4600785,Utama,(021) 4600779
PT. Datindo Entrycom,Barang Rumah Tangga,corp_sec@langgengmakmur.com,(031) 8533588,PENGEMBANGAN,(031) 8533688
PT. Sirca Datapro Perdana,Logam & Mineral,lmp@lionmesh.com,(021) 4600785,Pengembangan,(021) 4600784
PT. Sharestar Indonesia,Asuransi,corporate.secretary@lippoinsurance.com,525-7161,Utama,525-6161
PT. Sharestar Indonesia,Komponen Otomotif,corporatesecretary@multiprimasejahtera.net rivaldi.ys@multiprimasejahtera.net ,(021) 2300 450 ,Pengembangan,(021) 5589 767
PT. Sharestar Indonesia,Pengelola & Pengembang Real Estat,corsec@lippokarawaci.co.id,2566 9099,Utama,2566 9000
PT. Sharestar Indonesia,Pengelola & Pengembang Real Estat,corporate.secretary@star-pacific.co,(3221) 5577 7222 / 5577 7083,Pengembangan,(6221) 5577 7111
PT. Sharestar Indonesia,Perusahaan Holding & Investasi,corporate@lenox-pasifik.co.id,021-5515970,Pengembangan,021-5516588
PT. Raya Saham Registra,Produk Makanan Pertanian,lonsum@londonsumatra.com,021-80657399,Utama,021-80657388
PT. Datindo Entrycom,Pariwisata & Rekreasi,corsec@mabaindonesia.com,+62 21 2279 0881,PENGEMBANGAN,+62 21 2279 0880
PT BSR Indonesia,Produk Makanan Pertanian,investor@mag-plantations.co.id,021-7251488,Pengembangan,021 39842999
PT. Sinartama Gunita,Produk Makanan Pertanian,bibitindo@malindofeedmill.co.id,leongjkt@cbn.net.id,7237778,Utama
PT. Datindo Entrycom,Pariwisata & Rekreasi,mamijakarta@yahoo.com,(031) 5312367,Pengembangan,(031) 5321001
PT. Datindo Entrycom,Ritel Khusus,corpsec@mapactive.id,021 - 2788 9888,Utama,021 - 8064 8488
PT. Datindo Entrycom,Pariwisata & Rekreasi,corporatesecretary@mbai.co.id,(021) 574 6786,Pengembangan,(021) 574 5808
PT. Adimitra Jasa Korpora,Media,corsec@mari.co.id, corsec@mahakaradiointegra.com,(021) 8370 7172,Pengembangan
PT. Adimitra Jasa Korpora,Mesin,mdcps@nusa.net.id,(6261) 794 0747,Utama,(6261) 794 0715
PT. Raya Saham Registra,Komponen Otomotif,corporate-secretary@multistrada.co.id,(+62 21) 891-40-851,Utama,(+62 21) 891-40-333
PT. Adimitra Jasa Korpora,Bank,corsec@bankmas.co.id,(021) 5790 6005,Pengembangan,(021) 57906006
PT. Datindo Entrycom,Batu Bara,corsec@mitrabaraadiperdana.co.id,+6221 63864062,Pengembangan,+6221 63864061
PT. Datindo Entrycom,Batu Bara,corporate.secretary@mbss.co.id,(021) 57944768,Utama,(021) 57944766
PT. Adimitra Jasa Korpora,Produk Perawatan Tubuh,corpsecretary@martinaberto.co.id,021-468-26316,Utama,021-460-3717
PT. Raya Saham Registra,Batu Bara,corporate.secretary@mandiricoal.co.id,(021) 29333191,Utama,(021) 29333189
PT. Sinartama Gunita,Bank,corsec@idn.ccb.com,021-50821010,Utama,021-50821000
PT. Sinartama Gunita,Media,corsec@imc.co.id,(6221) 29941789,Pengembangan,(+6221) 29912182
PT. Adimitra Jasa Korpora,Barang Kimia,corsec@emdeki.co.id , (+62-31) 7507234 ,Utama, (+62-31) 7507001 / 7508155
PT. EDI Indonesia,Jasa Komersial,johannis@moderninternasional.co.id,021-00000000,Pengembangan,021-27933378
PT. Sinartama Gunita,Peralatan & Perlengkapan Kesehatan,info@hetzermedicalindonesia.co.id,+62 22 6613426,Pengembangan,+62 22 6008749
PT. EDI Indonesia,Farmasi,melisa.sandrianti@merckgroup.com,28565601,PENGEMBANGAN,28565600
PT. Adimitra Jasa Korpora,Operator Infrastruktur Transportasi,corsec@nusantarainfrastructure.com,+6221 - 515 1221,Utama,+6221 - 515 0100
PT. Sharestar Indonesia,Jasa Komersial,mmi.corsec@ironmountain.com,021-897 2527,Pengembangan,021-8990 7636
PT. Bima Registra,Barang Rumah Tangga,corsec@pancaanugrahwisesa.com,+62 21 5720543,Akselerasi,+62 21 5720543
PT. Ficomindo Buana Registrar,Perusahaan Holding & Investasi,indah@magnafinance.co.id dan indahzahwan6@gmail.com,(021) 63870042,Pengembangan,(021) 63870041
PT. Adimitra Jasa Korpora,Barang Rumah Tangga,corp.sec@mic.co.id,(021) 2937 9212,PENGEMBANGAN,(021) 2936 8888
PT. Adimitra Jasa Korpora,Perdagangan Ritel Barang Primer,aan.suantopo@mu.co.id,(021) 8082 1628,Pengembangan,(021) 8082 1618
PT. Adimitra Jasa Korpora,Penyedia Jasa Kesehatan,corporate.secretary@mitrakeluarga.com,(021) 4585 2727,Utama,(021) 4585 2700
PT. Datindo Entrycom,Pariwisata & Rekreasi,shm@sanurhastamitra.com,(021) 29035619,Pengembangan,(021) 29035620
PT. Adimitra Jasa Korpora,Logistik & Pengantaran,corsecmitrarajasa@gmail.com,+62 21 8671536,Pengembangan,+62 21 8671237/8671537
PT. Ficomindo Buana Registrar,Distributor Barang Konsumen,cs@ptmkn.com,021-30056256,Pengembangan,021-30056255
PT. Raya Saham Registra,Pengelola & Pengembang Real Estat,corsec@pondokindahgroup.co.id ,(021) 7694989 ,Pengembangan,(021) 7505757
PT. Raya Saham Registra,Minuman,eka_lesdiana@multibintang.co.id,021 - 619-0190,Utama,619-01-08
PT. Raya Saham Registra,Produk & Perlengkapan Bangunan,nila@muliagroup.co.id,(021) 25982814,Pengembangan,(021) 22513000
PT. Sharestar Indonesia,Perusahaan Holding Multi-sektor,natalie.lie@mpc.id,021 - 5475147,Utama,021 - 5468888
PT. Sharestar Indonesia,Jasa & Konsultan TI,corsec.mlpt@multipolar.com,(021) 5460020,Utama,(021) 55777000
PT BSR Indonesia,Media,corsec.mncmedia@mncgroup.com,021-3904965,Utama,021-3900885
PT. Adimitra Jasa Korpora,Barang Kimia,corsec@molindo.co.id,(0341) 426 222,Pengembangan,(0341) 426 681
PT. Sinartama Gunita,Jasa Telekomunikasi,corsec@moratelindo.co.id,(021) 3142882,Utama,(021) 31998600
PT. Datindo Entrycom,Ritel Khusus,corsecmpm@mpm-ho.com,(021) 2911 0320,Utama,(021) 2971 0170
PT. EDI Indonesia,Utilitas Listrik,info@megapowermakmur.co.id,(21) 5883594,Pengembangan,(021) 5883595
PT. Sharestar Indonesia,Perdagangan Ritel Barang Primer,danny.kojongian@hypermart.co.id,(62-21) 8061 5757,Utama,(62-21) 5081 3000
PT. Ficomindo Buana Registrar,Pengelola & Pengembang Real Estat,corsec@mahaproperti.co.id,+6221 2500 679,Pengembangan,+6221 2500 608
PT. Datindo Entrycom,Produk Perawatan Tubuh,info@mustika-ratu.co.id,"021-830-6753, 830-6760",Utama,"021-8306754, 8306759, 8307419"
PT. EDI Indonesia,Asuransi,marein@marein-re.com,5793 6580, 5793 6583,Pengembangan
PT BSR Indonesia,Hiburan & Film,corsec.mde@mncgroup.com,(021) 5300449,Utama,(021) 5307710
PT BSR Indonesia,Media,corsec.msky@mncgroup.com,021-5825620,Utama,021-5828000
PT. Datindo Entrycom,Perangkat Komputer,investor-relations@metrodata.co.id ,+ 62 ? 21 ? 29345 899,Utama,+ 62 ? 21 ? 29345 888
PT. Datindo Entrycom,Jasa Telekomunikasi Nirkabel,corporate.secretary@mitratel.co.id,021 22770817,Utama,021 2793 3363
PT. Ficomindo Buana Registrar,Minyak & Gas,legal@capitalinc-investment.com,021 - 2793 2002,Pengembangan,021 - 2751 7000
PT. Raya Saham Registra,Pengelola & Pengembang Real Estat,corpsec@metropolitanland.com,021-28085555,Utama,021-28087777
PT. Adimitra Jasa Korpora,Penyedia Jasa Kesehatan,corporate-secretary@rsmurniteguh.com,(+62) 61 8050 1800,Utama,(+62) 61 8050 1888
PT. Datindo Entrycom,Konstruksi Bangunan,corpsec@metaepsi.com,218564956,PENGEMBANGAN,218564955
PT. Datindo Entrycom,Konstruksi Bangunan,mitrapemuda@cbn.net.id,021-66671547,Pengembangan,021-66671549
PT. Adimitra Jasa Korpora,Asuransi,corsec@mtwi.co.id,021-25989837,Pengembangan,021-25989830
PT. Ficomindo Buana Registrar,Pengelola & Pengembang Real Estat,corsec.hanson1971@gmail.com,	(021) 521-4555,Pengembangan,	(021) 521-3555
PT. Adimitra Jasa Korpora,Pakaian & Barang Mewah,corporate_secretary@apacinti.com,(021) 556 678 33,Pengembangan,(021) 556 688 88 Ext.3402
PT. Datindo Entrycom,Produk Perawatan Tubuh,corsec@nig.co.id,(021) 7568 1294,Akselerasi,(021) 7568 1294
PT. Adimitra Jasa Korpora,Makanan Olahan,corsec@wahanaintimakmur.com,(021) 59728819,Pengembangan,(021) 59728819
PT. Ficomindo Buana Registrar,Pariwisata & Rekreasi,admin@suryapermataandalan.co.id,	(0361) 731652 ,Pengembangan,	(0361) 738163
PT. Datindo Entrycom,Logistik & Pengantaran,corsec@nellydwiputri.com,021-3809280,Pengembangan,021-3859649
PT. Adimitra Jasa Korpora,Media,cs@netvisimedia.co.id,(62-21) 2954-6200,Pengembangan,(62-21) 5050-6100
PT. Raya Saham Registra,Aplikasi & Jasa Internet,corporate@ptnfc.com,021 30480713,Pengembangan,021 30480711
PT. Sinartama Gunita,Perusahaan Holding & Investasi,info@charmic.com,215226518,PENGEMBANGAN,215226488
PT. Sharestar Indonesia,Pengelola & Pengembang Real Estat,corpsec@cityretaildevelopments.com,-50836658,Pengembangan,-50836657
PT. Raya Saham Registra,Bank,corporate.secretary@ocbcnisp.com,(021) 57944000,Utama,(021) 25533888
PT. Sharestar Indonesia,Bank,corsec@nobubank.com,(021) 2553 5130,Utama,(021) 2553 5128
PT. Bima Registra,Barang Kimia,corporatesecretary@ptnpg.com,(031) 8982405,Utama,(031)8982405
PT. Sinartama Gunita,Konstruksi Bangunan,corsec@nusarayacipta.com,"021-8193544, 8193471",Utama,"021-8193526, 8193582"
PT. Bima Registra,Mesin,corsec@nusatama.com, +62-21 825 0248,Pengembangan,+62-21 825 0659
PT. Ficomindo Buana Registrar,Pariwisata & Rekreasi,corsec@sinergimegahtbk.com,(0274) 2924778,Pengembangan,(0274) 2924777
PT. Sinartama Gunita,Pengelola & Pengembang Real Estat,nusantara@ristiagroup.com ,+62 267 432851 ,UTAMA,+62 267 432851
PT. Sinartama Gunita,Jasa Telekomunikasi Nirkabel,info@protechmitraperkasa.com,(021) 5226517,Pengembangan,(021) 50105555
PT. Sinartama Gunita,Perusahaan Holding & Investasi,jenty@ocap.co.id,31901616,Pengembangan,31901777 (general)
PT. Bima Registra,Produk Makanan Pertanian,corseciop@ioperkasa.com,(0321) 367 0749,Pengembangan,(0321) 367 1741
PT. Sinartama Gunita,Barang Kimia,corporate.secretary@ancorair.com,+62 21-29035335,Pengembangan,+62 21-29035011
PT. Bima Registra,Barang Rumah Tangga,coorporatesecretary@oscarliving.com,62218514910,Akselerasi,62218514909
PT. Adimitra Jasa Korpora,Jasa Investasi,djoko@minnapadi.com ,021-5271527,Utama,021-5255555
PT. Datindo Entrycom,Produk Makanan Pertanian,investor.relation@provident-agro.com ,(021) 2157 2009 ,Pengembangan,(021) 2157 2008
PT. Bima Registra,Pengelola & Pengembang Real Estat,corsec@bimasaktipertiwi.com,0761 853888,Utama,0761 853888
PT. Raya Saham Registra,Pariwisata & Rekreasi,corsec.panr@panorama-group.com,+62 21 2556.5055,Utama,+62 21 2556.5000
PT. Sinartama Gunita,Jasa Investasi,corsec@pans.co.id,021-5153061,Utama,021-5153055
PT. Datindo Entrycom,Wadah & Kemasan,investor.relation@pancabudi.com,021-54365559,Utama,021-54365555
PT. Sinartama Gunita,Konstruksi Bangunan,info@paramita.co.id ,021-7205372,Utama,021-7205466
PT. Ficomindo Buana Registrar,Perdagangan Ritel Barang Primer,cs@pcafoods.com,62248661861,Pengembangan,62248661860
PT. Raya Saham Registra,Pariwisata & Rekreasi,corsec.pdes@panorama-destination.com,021-56958586,Pengembangan,021-56958585
PT. Ficomindo Buana Registrar,Perusahaan Holding & Investasi,pgkapital@pancaglobal.co.id,021-5155461,Pengembangan,021-5150196
PT. Datindo Entrycom,Farmasi,corporate@phapros.co.id,021 5763910,Utama,021 5762709
PT. Datindo Entrycom,Minyak & Gas,PGN.InvestorRelation@pertamina.com,021-6333080,Utama,021-6334838
PT. Adimitra Jasa Korpora,Pariwisata & Rekreasi,info@ptpgli.co.id,061-4534111,Pengembangan,061-4535888
PT. Adimitra Jasa Korpora,Produk Makanan Pertanian,corsec@pradiksi.co.id,(021) 51401075,Utama,(0518) 2090000
PT. Ficomindo Buana Registrar,Wadah & Kemasan,corpsec@pic.co.id,(021) 6193446,Pengembangan,(021) 6192222
PT. Sharestar Indonesia,Perusahaan Holding & Investasi,corsec@polarisinvestama.co.id,5289 7399,PENGEMBANGAN,5289 7418
PT. Sinartama Gunita,Pengelola & Pengembang Real Estat,corsec@plazaindonesia.com,(021) 29921111,Utama,(021) 29920000
PT. Sharestar Indonesia,Ritel Khusus,corpsec@ptpmj.co.id,(021) 30060088,Pengembangan,(021) 30060000
PT. Adimitra Jasa Korpora,Perhutanan & Kertas,corporate.secretary@pinagoutama.com,(021) 55965977,Pengembangan,(021) 55966133
PT. Sinartama Gunita,Asuransi,panin@paninvest.co.id,548-4047,Utama,548-1974
PT. Sinartama Gunita,Asuransi,panin@paninlife.co.id,25566818,Utama,25566822
PT. EDI Indonesia,Pariwisata & Rekreasi,pnse@cbn.net.id,021 - 6399573,Pengembangan,021 - 6593626
PT. Ficomindo Buana Registrar,Pembiayaan Konsumen,corsec.paf@pooladvista.com,+62 21 2951 0202,Pengembangan,+62 21 8062 6300
PT. Datindo Entrycom,Pengelola & Pengembang Real Estat,corporate.secretary@pollux.co.id,(024) 86579272,Pengembangan,(024) 3562111
PT. Datindo Entrycom,Pengelola & Pengembang Real Estat,corpsec@pollux.co.id,(021) 2918 3112,Pengembangan,(021) 2918 3111
PT. Datindo Entrycom,Pakaian & Barang Mewah,corsec@pt-goldenflower.com,024 - 692 1327,Pengembangan,024 - 692 1228
PT. Datindo Entrycom,Pakaian & Barang Mewah,tunaryo@apf.co.id,021-579.38565,Pengembangan,021-579.38555
PT. Adimitra Jasa Korpora,Perusahaan Holding & Investasi,contact.pai@pooladvista.com,021-53663180,Pengembangan,021-86026300
PT. Datindo Entrycom,Operator Infrastruktur Transportasi,cs@nusantaraport.id ,(021) 2243 5525,Pengembangan,(021) 2243 5010
PT. Datindo Entrycom,Utilitas Listrik,corpsec@listrindo.com,62215224440,Utama,62215228122
PT. Raya Saham Registra,Komponen Otomotif,corsec@panther-wheels.net,(031) 8531877,  (031) 853-4166,Utama
PT. Datindo Entrycom,Penyedia Jasa Kesehatan,investor.relation@prodia.co.id,021-3144181,Utama,021-3144182
PT. Bima Registra,Penyedia Jasa Kesehatan,corsec@royalprima.com,(021) 80013181,Pengembangan,(021) 88813182/2
PT. Datindo Entrycom,Produk Makanan Pertanian,corporate.secretary@palmaserasih.co.id,+62 21 2854 6081,Pengembangan,+62 21 2854 6080
PT. Datindo Entrycom,Batu Bara,corsec@ptpss.co.id,+62 21 80600801,Utama,+62 21 80600800
PT. Datindo Entrycom,Batu Bara,corsec@bukitasam.co.id,021 - 5254002,Utama,(021) 5254014
PT. Adimitra Jasa Korpora,Konstruksi Bangunan,corsec@djasaubersakti.co.id,217508037,Pengembangan,217660114
PT. Sinartama Gunita,Batu Bara,straits@indosat.net.id,021-65311265,Utama,021-65311285
PT. Adimitra Jasa Korpora,Konstruksi Bangunan,corsec@pratamawidya.com,021-557 01567,Pengembangan,021-557 82407/18
PT. Datindo Entrycom,"Pendukung Minyak, Gas & Batu Bara",corporate.secretary@petrosea.com,021-29770988,Utama,021-29770999
PT. EDI Indonesia,Pengelola & Pengembang Real Estat,erna@pudjiadiprestige.co.id, info@pudjiadiprestige.co.id,021 - 6240981,UTAMA
PT. Bima Registra,Logistik & Pengantaran,info@puratrans.com,(031) 99850898,Pengembangan,(031) 99013573
PT. Bima Registra,Logam & Mineral,corporate@trinitanmetals.com,+62 21 867 0562,Utama,+62 21 867 8999
PT. Adimitra Jasa Korpora,Pariwisata & Rekreasi,corporatesecretary@skbfood.id,(021) 7463 7390,Pengembangan,(021) 7463 7390
PT. Ficomindo Buana Registrar,Minyak & Gas,corsec@raja.co.id,021 2357 9803,Utama,021 2929 1053
PT. Adimitra Jasa Korpora,Perdagangan Ritel Barang Primer,corp_sec@ranchmarket.co.id,(62-21) 5835 0999,Pengembangan,(62-21) 5835 1999
PT. Sirca Datapro Perdana,Pengelola & Pengembang Real Estat,corsec@ristiagroup.com,7511025,Utama,7511441
PT. Bima Registra,Logistik & Pengantaran,corpsecretary@utamaradarcahaya.com,(021) 57930077,Akselerasi,(021) 57930507
PT. Bima Registra,Pengelola & Pengembang Real Estat,corporate.secretary@repowerasiaindonesia.com,(021) 2503 3399,Pengembangan,(021) 2503 3198
PT. Bima Registra,Jasa Investasi,corsec@reliancesekuritas.com,021-29119951,Utama,021-29520558
PT. Bima Registra,Pengelola & Pengembang Real Estat,corsec@tanrise.com,031 8545792,Pengembangan,031 8544400
PT. Datindo Entrycom,Rokok,id_corpsec@bat.com,(021) 22770111,Utama,(021) 5268388
PT. Adimitra Jasa Korpora,Batu Bara,rmk@ptrmk.com,(021) 582 2555,Utama,(021) 582 2555
PT. Adimitra Jasa Korpora,Pengelola & Pengembang Real Estat,corsec@rockfields.co.id,+62 21 2978 3001,Pengembangan,+62 21 2978 3000
PT. Sinartama Gunita,Pengelola & Pengembang Real Estat,kwan_silvana@yahoo.com,021-29022888,Pengembangan,021-52970288
PT. Raya Saham Registra,Penyedia Jasa Kesehatan,corporate.secretary@grhakedoya.com,(021)56982233,Utama,(021)29910999
PT. Sinartama Gunita,Pengangkutan Darat Penumpang,steady_safetbk@yahoo.com,021-27883410,PENGEMBANGAN,021-27883411
PT. Bima Registra,Penyedia Jasa Kesehatan,corsec@emc.id,(021) 29779969,Pengembangan,(021) 29779977
PT. Adimitra Jasa Korpora,Barang Kimia,corsec@saraswanti.com,(031) 82516555,Utama,(031) 82516888
PT. Raya Saham Registra,Logistik & Pengantaran,corp.secretary@sap-express.com,(021) 22806627,Pengembangan,(021) 22806611
PT. Adimitra Jasa Korpora,Pengelola & Pengembang Real Estat,corsec@kotasatuproperti.com ,+62 24 7690 1749 ,Pengembangan,+62 24 7690 1735
PT. Ficomindo Buana Registrar,Pakaian & Barang Mewah,corsec@sbatextile.com,(022) 7947 200,Pengembangan,(022) 7947 100/ 400
PT. Sinartama Gunita,Kelistrikan,sccfin@cbn.net.id, corpsec@sucaco.com,(021) 31931119,Utama
PT. Raya Saham Registra,Media,corsec@scm.co.id,2793 5598,Utama,2793 5599
PT. Datindo Entrycom,Barang Rumah Tangga,corsec@scnp.co.id,(021) 8230232,Pengembangan,(021) 8233320
PT. Adimitra Jasa Korpora,Logistik & Pengantaran,jonathan_w@sidomulyo.com,(021) 4266020,Pengembangan,(021) 4266002
PT. Raya Saham Registra,Perdagangan Ritel Barang Primer,investor.relation@mpi-pharmaniaga.co.id,021-270 85958,Utama,021-270 85961
PT. Sinartama Gunita,Bank,saudara@bankwoorisaudara.com,(62-21) 50871900,Utama,(62-21) 50871906
PT. Adimitra Jasa Korpora,Peralatan Energi Alternatif,nfo@semacom-integrated.com,+62 251 861 5874,Pengembangan,+62 251 8615872
PT. Adimitra Jasa Korpora,Perusahaan Holding & Investasi,corporate@sfcapital.co.id,+62 21 2598 1342,Pengembangan,+62 21 2251 3339
PT. Adimitra Jasa Korpora,Batu Bara,corsec@sumberglobalenergy.com,021-2500243,Pengembangan,021-2500120
PT. Datindo Entrycom,Minyak & Gas,corpsec@sillomp.com,(62-21)3867521,Utama,(62-21)3863861
PT. Raya Saham Registra,Farmasi,info@sidomuncul.co.id,(024) 7692 8815,Utama,(024) 7692 8811
PT. Sharestar Indonesia,Penyedia Jasa Kesehatan,corporate.secretary@siloamhospitals.com,021-5460075,Utama,021-25668000
PT. Raya Saham Registra,Produk Makanan Pertanian,corporate.secretary@simp.co.id,021-5793 7504,Utama,021-5795 8822 ext 5000/5001
PT. Raya Saham Registra,Produk Makanan Pertanian,info.sreeya@sreeyasewu.com,021-27083636,Pengembangan,021-50991599
PT. EDI Indonesia,Makanan Olahan,skbm@sekarbumi.com,(021) 51401212,Pengembangan,(021) 51401122
PT. Adimitra Jasa Korpora,Mesin, superkrane@superkrane.com, (021) 441 8290  ,PENGEMBANGAN, (021) 441 3455
PT. Sirca Datapro Perdana,Perangkat Lunak,info.northcliff@ncitranusa.com,021-7975948,Pengembangan,021-7975947
PT. Adimitra Jasa Korpora,Ritel Khusus,corporate@gaya-slis.com,(021) 4520716,Pengembangan,(021)4509888
PT. Datindo Entrycom,Material Konstruksi,corsec@semenbaturaja.co.id,(0711) 512126,Utama,(0711) 511261
PT. Datindo Entrycom,Material Konstruksi,corpsec.sbi@sig.id,29863333,Utama,29861000
PT. Sinartama Gunita,Pengelola & Pengembang Real Estat,ferry@rancamaya.com,(021) 5793 6730,Pengembangan,(021) 5793 6733
PT. Sharestar Indonesia,Logistik & Pengantaran, corporate.secretary@samudera.id , (021) 25675628 ,Utama, (021) 25676999
PT. Adimitra Jasa Korpora,Wadah & Kemasan,satyamitra@satyamira.com,+6221 5950089,Utama,+6221 5950988
PT. Bima Registra,Konstruksi Bangunan,corsec@konstruksimas.co.id,(021) 83707143,Akselerasi,(021) 8250095
PT. Adimitra Jasa Korpora,Batu Bara,contact@go-eagle.co.id,021 - 5761817,Pengembangan,021 - 5761815
PT. Sinartama Gunita,Komponen Otomotif,lidiana.widjojo@adr-group.com,021-661-8438/669-6237,Utama,(021) 661-00-33
PT. Bima Registra,Pariwisata & Rekreasi,corporate@sunlakehotel.com,"(021) 650 9970, 651 9889, 650 2255",Pengembangan,"(021) 650 9969, 650 1010, 650 1515, 3119 2888"
PT. Raya Saham Registra,Minyak & Gas,tidak berubah,+62 21-8086-1001,Utama,+62 21-8086-1000
PT. Bima Registra,Barang Rumah Tangga,investor@boston-industries.com,021 29159120,Akselerasi,021 29159118
PT. Datindo Entrycom,Farmasi,corporate.secretary@sohoglobalhealth.com ,(021) 4683 0505,Utama,(021) 4683 4411
PT. Adimitra Jasa Korpora,Department Store,sonatopas@stti.co.id,021-5213066,Utama,021-5213056
PT. Sinartama Gunita,Jasa Profesional,corporate.secretary@sos.co.id,+62 21 350 5913,Pengembangan,+62 21 350 5915
PT. EDI Indonesia,Wadah & Kemasan,corp.sec@ptsuparmatbk.com,(031) 766 3287,UTAMA,(031) 766-666
PT. Datindo Entrycom,Produk & Perlengkapan Bangunan,corpsec@suryapertiwi.co.id,(62-21) 568-0068,Utama, (62-21) 2929-8585
PT. Sinartama Gunita,Logam & Mineral,email@wilton-groups.com,(62) 21-612 5583,Pengembangan,(62) 21-612 5585
PT. Ficomindo Buana Registrar,Penyedia Jasa Kesehatan,chandra.rahardja@mayapadahospital.com,021-5529036/5529420,Utama,021-55781888
PT. Adimitra Jasa Korpora,Pakaian & Barang Mewah,welly.salam@sritex.co.id,(0271) 593488 ,Pengembangan,(0271) 593188
PT. Sinartama Gunita,Barang Kimia,bennyherman@indoacidatama.co.id,021 - 5366 0698,Utama,021-5366-07-77
PT. Datindo Entrycom,Perusahaan Holding & Investasi,investor.relation@saratoga-investama.com,021 57944781,Utama,021 57944355
PT. Datindo Entrycom,Produk Makanan Pertanian,corporate@ssms.co.id,(021) 2903 5405,Utama,(021) 2903 5401
PT. Sinartama Gunita,Pakaian & Barang Mewah,mahayopujiarto@yahoo.com,"022-7796435, 022-7798302",PENGEMBANGAN,022-7798289
PT. Adimitra Jasa Korpora,Produk Makanan Pertanian,corporate.secretary@sta.co.id,+62 61 414 8866,Utama,+62 61 415 6262
PT. Sharestar Indonesia,Perusahaan Holding & Investasi,cs@buanaarthaanugerah.co.id,021-23584401 ,Utama,021-23585612
PT. Adimitra Jasa Korpora,Minyak & Gas,handhi.saputro@sugihenergy.com,021-27708802,PENGEMBANGAN,021-57948877
PT. Ficomindo Buana Registrar,Perhutanan & Kertas,public.relations@sljglobal.com, corporate.legal3@sljglobal.com ,(021) 577-1818 ,Pengembangan
PT. Raya Saham Registra,Jasa Telekomunikasi Nirkabel,Corporate.Secretary@stptower.com,(021) 57950077,Pengembangan,(021) 57900505
PT. Adimitra Jasa Korpora,Perhutanan & Kertas,info@sriwahana.id,(62-271) 7687178,Pengembangan,(62-271) 7687222
PT. EDI Indonesia,Wadah & Kemasan,tunasalfin@cbn.net.id,021 8317683,Pengembangan,021 8317322
PT. Adimitra Jasa Korpora,Konstruksi Bangunan,info@lancartamasejati.com,021-27510724,Pengembangan,021-7392222
PT. Raya Saham Registra,Produk Makanan Pertanian,TAP.corsec@tap-agri.com,Fax (62-21) 5794-4745,Utama,(62-21) 5794-4737
PT. Sirca Datapro Perdana,Logam & Mineral, rini@pttms.co.id ,(021)6190135 ,Pengembangan,	(021)6190131
PT. Raya Saham Registra,Produk Perawatan Tubuh,corporatesecretary@mandom.co.id,021-29809501,Utama,021-29809500
PT. Adimitra Jasa Korpora,Batu Bara,corporate.secretary@transcoalpacific.com,+62 21 2994 1886,Pengembangan,+62 21 2994 1389
PT. Adimitra Jasa Korpora,Batu Bara,corsec@tebe.co.id,(021) 5010 6299,Utama,(021) 5010 6300
PT. Adimitra Jasa Korpora,Aplikasi & Jasa Internet,admin.corsec@telefast.co.id,021 - 57933556,Pengembangan,021 - 29676236
PT. EDI Indonesia,Makanan Olahan,corporate@tigaraksa.co.id ,2179181379,Pengembangan,021 - 2527300
PT. Adimitra Jasa Korpora,Utilitas Listrik,corsec@terregra.com,(021) 3049 7778,Utama,(021) 3049 7777
PT. Sinartama Gunita,Perdagangan Aneka Barang Perindustrian,headoffice@tiraaustinite.com,(021) 460 2593,Pengembangan,(021) 460 2594
PT. Datindo Entrycom,Produk Makanan Pertanian,corsec@teladanprima.com,+6221 29600333,Utama,+6221 29600300
PT. Adimitra Jasa Korpora,Logistics & Deliveries,corp.sec@temasline.com,021-43938658,UTAMA,021-4302388
PT. Sinartama Gunita,Media,corsec@tempo.co.id,(021) 536 - 2025/7206995,Pengembangan,021-536-3790/530 6392
PT. Sharestar Indonesia,Logistik & Pengantaran,corsec@ged.co.id,(021) 83700023,Pengembangan,(021) 83703700
PT. Datindo Entrycom,Batu Bara,corsec@tbsenergi.com,021-50200352,Utama,021-50200353
PT. Adimitra Jasa Korpora,Konstruksi Bangunan, corporate.secretary@totalindo.co.id,(+6221) 8379 2199,Utama,(+6221) 8379 2192 - 95
PT. Raya Saham Registra,Jasa Telekomunikasi Nirkabel,Irfan.Ghazali@protelindo.net,(021) - 23586446,Utama,(021) - 23585500
PT. Sinartama Gunita,Batu Bara,corsec@pt-tpm.com,021-22958737/38,Pengembangan,021-22958999
PT. Ficomindo Buana Registrar,Batu Bara,asnita.kasmy@tram.co.id,62-21 72783706,Pengembangan,62-21 72783708
PT. Adimitra Jasa Korpora,Perdagangan Aneka Barang Perindustrian,corsec@triwirainsanlestari.com,021-6018922, 021-6018924,Pengembangan
PT. Sinartama Gunita,Jasa Investasi,corporate.secretary@trimegah.com,+62-21 2924 9150,Utama,+62-21 2924 9088
PT. Adimitra Jasa Korpora,Pengelola & Pengembang Real Estat,corsec@trinitiland.com,021 80821403,Pengembangan,021 30066688
PT. Raya Saham Registra,Ritel Khusus,mely@oke.com,021-3915808 dan 021-3915710,Pengembangan,021-31905997
PT. Sinartama Gunita,Pakaian & Barang Mewah,corporate.secretary@trisula.com,021-58358033,Pengembangan,021-58357377
PT. Adimitra Jasa Korpora,Pengangkutan Darat Penumpang,corporatesecretary@transkon-rent.com,(0542) 770403,Utama,(0542) 770401
PT. Raya Saham Registra,Wadah & Kemasan,corsec@trias-sentosa.com,031 8972998,Utama,031 8975825
PT. Adimitra Jasa Korpora,Pengelola & Pengembang Real Estat,corsec@trinitidinamik.com,021 - 29541843,Pengembangan,021 - 29201133
PT. Adimitra Jasa Korpora,Logistik & Pengantaran,budi.gunawan@gunatimurraya.com,(021) 6910926,PENGEMBANGAN,(021) 6910618
PT. Adimitra Jasa Korpora,Pembiayaan Konsumen,tfi_pusat@yahoo.com,021-5155484,PENGEMBANGAN,021-5155477
PT. Raya Saham Registra,Farmasi,investorrelation@thetempogroup.com,2920-9999,Utama,2921-8888 (5438)
PT. Datindo Entrycom,Ritel Khusus,dewi.yunita@tunasgroup.com,(021) 799 562,Utama,(021) 794 4788
PT. Sinartama Gunita,Pariwisata & Rekreasi,corsec@ptpakuan.com,+62 1 5154128,Pengembangan,+6221 5154126
PT. Sinartama Gunita,Produk Perawatan Tubuh,corporate-secretary@unicharm.co.id,+62 21 2918 9199,Utama,+62 21 2918 9191
PT. Adimitra Jasa Korpora,Ritel Khusus,corporatesecretary@ufoelektronika.com,(031) 5037705,Pengembangan,(031) 5037745
PT. Adimitra Jasa Korpora,Makanan Olahan,eddikur@ultrajaya.co.id, admin@ultrajaya.co.id,(022) 665-4612,Utama
PT. Raya Saham Registra,Barang Kimia,corp_sect@uic.co.id,(021) 57905111,Utama,(021) 57905100
PT. Adimitra Jasa Korpora,"Pendukung Minyak, Gas & Batu Bara",info@ulimanitra.co.id,(0711) 359469,Utama,(0711) 365157/ 365158/ 365580
PT. Sharestar Indonesia,Pakaian & Barang Mewah,admin@nusantarainticorpora.com,021-29391243,PENGEMBANGAN,021-29391242
PT. EDI Indonesia,Produk Makanan Pertanian,fitrib@bakriesumatera.com,(021) 252-1252,Pengembangan,(021) 29941286-87
PT. Raya Saham Registra,Mesin,ir@unitedtractors.com,4600655,Utama,4605959
PT. Sharestar Indonesia,Produk Perawatan Tubuh,unvr.indonesia@unilever.com,021- 80827002,Utama,021- 80827000
PT. Adimitra Jasa Korpora,Perusahaan Holding & Investasi,corsec@victoriainvestama.co.id,(021)50992951,Utama,(021)50992950
PT. Ficomindo Buana Registrar,Media,corsec@vivagroup.co.id,021-22535515,Pengembangan,021-22535575
PT. Raya Saham Registra,Pembiayaan Konsumen,investor@mizuho-ls.co.id,021-50851849,Pengembangan,021-50851848
PT. Sinartama Gunita,Produk Makanan Pertanian,iwansetiawan_se@yahoo.com wapo.sby@gmail.com,031-5352704,Pengembangan,031-5352705
PT. Datindo Entrycom,Konstruksi Bangunan,corsec@wikagedung.co.id,(021) 8590  4146,Utama,(021) 8590 8862
PT. Raya Saham Registra,Pengangkutan Darat Penumpang,edgar@whitehorse.co.id,021-29675005,Utama,021-29675555
PT. Datindo Entrycom,Perdagangan Ritel Barang Primer,finance_id_wico@dksh.com ,021-690 9436, 692 7766,Pengembangan
PT. Sharestar Indonesia,Aplikasi & Jasa Internet,corporate@surge.co.id,(021) 7659229,Utama,(021) 7659228
PT. Raya Saham Registra,Rokok,information@wismilak.com ,(031) 295 2800 ,Utama,(031) 295 2899
PT. Bima Registra,Pengelola & Pengembang Real Estat,winner.corsec@gmail.co,+62 778-458014,Utama,+62 778-426066
PT. Ficomindo Buana Registrar,Perangkat Lunak,corsec@wirglobal.com,(021) 5367 4611,Pengembangan,(021) 5367 8064
PT. Datindo Entrycom,Produk Makanan Pertanian,widodomakmurperkasa@wmp-group.co.id,(021) 8430 6790 / 91,Utama,(021) 8430 6787 / 88
PT. Datindo Entrycom,Produk Makanan Pertanian,corporate.secretary@wmu-group.co.id,(62 21) 8430 6790 / 91,Utama,(62 21) 8430 6787 / 88
PT. Datindo Entrycom,Material Konstruksi,sekper@wika-beton.co.id,2185903872,Utama,218192802
PT. Adimitra Jasa Korpora,Investment Services,corsec@yuliesekuritas.com,021-25981619,PENGEMBANGAN,021-20392025
PT BSR Indonesia,Perusahaan Holding Multi-sektor,legal@zebranusantara.co.id,(021) 2788 3914,Pengembangan,(021) 2788 3900
PT. Bima Registra,Ritel Khusus,corpsec@megaperintis.co.id,(021) 5290 5103,Pengembangan,(021) 5733 888
PT. Adimitra Jasa Korpora,Perangkat Komputer,corsec@zyrex.com,(021)5653322,Pengembangan,(021) 5653311
